{  
    "conductores":[
        { 
        "id": 1,
        "username": "Shizuki",
        "password": "acto45",
        "isactive": true
    },
    {
        "id": 2,
        "username": "Noah",
        "password": "Sparky007",
        "isactive": true
    },
    {
        "id": 3,
        "username": "Hiroshi",
        "password": "Thunderbolt42",
        "isactive": true
    }
  ],
  "vehiculos":[
    {  
    "id": 1,
    "modelo": "Honda Civic",
    "patente": "XY567YZ"
    },
    {
     "id": 2,
     "modelo": "Toyota Corolla",
     "patente": "AB123CD"
    },
    {
      "id":3,
      "modelo": "Nissan Rogue:",
      "patente": "LM456NO"
    }
  ]
 }
